{
    "=y^bBU": -8201729642978287,
    ".y`t": "CI)3f@0BX@bOto4URl;0k$gdE-'V7=w3(\\COh\\K+I-q`",
    ",": {
        "a*+tus-n\"": 529691504.4216097,
        "+!m%F|?o$": 297823499.52375454,
        "}eTW(6Iq7pv": false
    }
}